{"cameraMode":{"drawMode":0,"name":"Shaded","section":"Shading Mode"},"sceneLighting":true,"audioPlay":false,"sceneViewState":{"showFog":true,"showMaterialUpdate":false,"showSkybox":true,"showFlares":true,"showImageEffects":true,"showParticleSystems":true},"in2DMode":false,"pivot":{"x":-2.193143129348755,"y":-1.4815142154693604,"z":1.3809947967529297},"rotation":{"x":-0.05428305268287659,"y":0.0005959654226899147,"z":-0.000032398740586359054,"w":-0.9985261559486389},"size":21.192119598388673,"orthographic":false}