{"cameraMode":{"drawMode":0,"name":"Shaded","section":"Shading Mode"},"sceneLighting":true,"audioPlay":false,"sceneViewState":{"showFog":true,"showMaterialUpdate":false,"showSkybox":true,"showFlares":true,"showImageEffects":true,"showParticleSystems":true},"in2DMode":false,"pivot":{"x":-0.21168223023414613,"y":0.4681870937347412,"z":1.6204833984375},"rotation":{"x":-0.1319209635257721,"y":-0.006842770613729954,"z":0.000910686154384166,"w":-0.9912368655204773},"size":13.082818031311036,"orthographic":false}